epoch,step,train_loss_epoch,val_loss
0,10,,1.1657540798187256
0,10,0.7704218029975891,
