epoch,step,train_loss_epoch,val_loss
0,10,,0.8989403247833252
0,10,0.9139688014984131,
